{"cameraMode":{"drawMode":0,"name":"Shaded","section":"Shading Mode"},"sceneLighting":true,"audioPlay":false,"sceneViewState":{"m_AlwaysRefresh":false,"showFog":true,"showSkybox":true,"showFlares":true,"showImageEffects":true,"showParticleSystems":true,"showVisualEffectGraphs":true,"m_FxEnabled":true},"in2DMode":false,"pivot":{"x":1.7090017795562745,"y":1.5131397247314454,"z":0.016342639923095704},"rotation":{"x":0.41749176383018496,"y":0.021780608221888543,"z":-0.010087595321238041,"w":0.9083788394927979},"size":20.148767471313478,"orthographic":true}